Epochs,f1
2500,0.8026080835948844
5000,0.7863836757862517
10000,0.8672610925895778
2000,0.8061139410205704
500,0.8327060352494868
100,0.717724212058197
1000,0.7568900099834053
1500,0.8298315322568568
